date_val,record_count,avg_traffic_volume,total_traffic_volume,min_traffic_volume,max_traffic_volume
2012-10-02,15,4219.27,63289,963,6015
2012-10-03,20,3317.25,66345,273,6511
2012-10-04,24,3747.46,89939,312,6990
2012-10-05,22,4242.55,93336,368,6628
2012-10-06,23,3256.96,74910,411,5669
2012-10-07,22,3058.64,67290,312,6640
2012-10-08,24,3422.29,82135,265,6676
2012-10-09,23,3770.3,86717,251,6449
2012-10-10,24,4093.83,98252,261,6793
2012-10-11,19,3911.84,74325,347,6798
2012-10-12,20,4025.8,80516,331,6992
2012-10-13,24,2937.5,70500,399,4623
2012-10-14,37,2852.22,105532,262,4358
2012-10-15,28,3192.86,89400,239,6798
2012-10-16,24,3727.96,89471,257,7055
2012-10-17,25,3656.56,91414,267,6723
2012-10-18,24,3682.5,88380,301,6441
2012-10-19,39,3414.0,133146,353,5849
2012-10-20,48,2731.75,131124,401,5125
2012-10-21,7,2400.0,16800,959,4695
2012-10-22,21,3072.86,64530,259,6101
2012-10-23,24,3537.58,84902,253,6094
2012-10-24,49,4013.35,196654,261,5855
2012-10-25,45,4197.6,188892,272,6488
2012-10-26,54,3510.8,189583,326,6499
2012-10-27,24,3065.29,73567,411,6012
2012-10-28,24,2353.58,56486,330,4521
2012-10-29,24,3519.08,84458,270,6642
2012-10-30,24,3674.83,88196,298,6728
2012-10-31,24,3614.04,86737,265,6908
2012-11-01,24,3761.79,90283,324,6852
2012-11-02,24,3804.38,91305,331,6509
2012-11-03,24,2810.13,67443,343,4833
2012-11-04,25,2329.36,58234,223,4200
2012-11-05,22,3507.59,77167,304,6877
2012-11-06,31,3169.29,98248,256,6201
2012-11-07,43,3555.23,152875,474,7088
2012-11-08,24,3779.38,90705,286,6834
2012-11-09,24,3880.29,93127,340,6880
2012-11-10,24,2807.67,67384,371,4762
2012-11-11,53,1909.3,101193,304,4169
2012-11-12,25,2963.44,74086,263,5390
2012-11-13,25,3727.88,93197,290,6529
2012-11-14,24,3983.5,95604,252,7189
2012-11-15,23,3856.57,88701,294,6761
2012-11-16,24,3777.38,90657,332,6517
2012-11-17,23,2778.96,63916,404,4753
2012-11-18,24,2330.58,55934,293,4368
2012-11-19,24,3515.92,84382,268,6831
2012-11-20,24,3728.29,89479,254,6824
2012-11-21,31,4005.26,124163,269,6138
2012-11-22,24,1974.42,47386,252,3461
2012-11-23,33,2585.94,85336,341,4231
2012-11-24,23,2345.83,53954,299,4494
2012-11-25,23,2353.87,54139,271,4880
2012-11-26,23,3327.83,76540,258,6752
2012-11-27,24,3547.79,85147,247,6768
2012-11-28,24,3575.75,85818,245,6995
2012-11-29,23,3785.13,87058,279,7020
2012-11-30,23,3796.0,87308,340,6749
2012-12-01,36,3378.31,121619,384,5231
2012-12-02,30,2522.1,75663,301,4329
2012-12-03,35,3286.17,115016,234,6393
2012-12-04,27,3814.85,103001,253,7051
2012-12-05,23,3803.87,87489,264,6888
2012-12-06,24,3787.54,90901,273,6789
2012-12-07,24,3737.75,89706,322,6082
2012-12-08,26,3056.08,79458,356,5327
2012-12-09,23,1261.22,29008,291,2483
2012-12-10,67,2915.52,195340,216,4685
2012-12-11,26,3043.96,79143,255,5325
2012-12-12,29,3248.03,94193,245,6208
2012-12-13,25,3495.68,87392,268,6385
2012-12-14,26,3735.54,97124,371,6507
2012-12-15,25,2549.52,63738,385,4347
2012-12-16,81,2226.35,180334,271,4130
2012-12-17,27,3110.0,83970,250,6520
2012-12-18,36,4020.06,144722,248,6656
2012-12-19,44,3500.86,154038,278,6803
2012-12-20,28,3533.39,98935,281,6333
2012-12-21,37,3449.35,127626,318,5999
2012-12-22,24,2582.71,61985,394,4678
2012-12-23,23,2131.78,49031,261,4039
2012-12-24,24,2268.17,54436,250,4048
2012-12-25,25,1603.28,40082,125,2944
2012-12-26,24,2949.46,70787,252,5489
2012-12-27,24,3130.75,75138,301,5652
2012-12-28,32,3215.0,102880,346,5441
2012-12-29,41,2358.07,96681,357,4732
2012-12-30,28,2357.71,66016,270,4644
2012-12-31,25,3028.8,75720,295,4976
2013-01-01,24,1659.04,39817,372,3121
2013-01-02,27,3355.59,90601,243,5829
2013-01-03,42,3539.93,148677,276,6431
2013-01-04,31,3402.81,105487,301,6380
2013-01-05,19,2907.95,55251,375,4406
2013-01-06,28,2085.04,58381,256,4074
2013-01-07,24,3360.5,80652,248,6681
2013-01-08,22,3364.45,74018,230,6771
2013-01-09,20,3748.9,74978,271,6852
2013-01-10,9,2771.56,24944,314,5886
2013-01-11,33,3329.61,109877,308,6029
2013-01-12,51,2762.35,140880,353,4557
2013-01-13,21,1838.29,38604,199,3907
2013-01-14,30,3668.0,110040,222,6579
2013-01-15,22,3350.86,73719,246,6493
2013-01-16,22,3819.77,84035,249,6465
2013-01-17,26,3813.73,99157,279,6857
2013-01-18,24,3665.38,87969,301,6514
2013-01-19,24,2753.42,66082,353,4973
2013-01-20,18,2201.72,39631,246,4028
2013-01-21,21,2730.05,57331,270,4561
2013-01-22,19,3432.37,65215,185,6331
2013-01-23,22,3787.86,83333,248,6606
2013-01-24,22,3740.23,82285,254,6870
2013-01-25,18,3640.33,65526,283,6593
2013-01-26,8,2005.13,16041,385,4947
2013-01-27,15,1898.47,28477,462,3813
2013-01-28,18,3360.67,60492,261,5708
2013-01-29,1,434.0,434,434,434
2013-01-30,23,3913.22,90004,243,6945
2013-01-31,22,3388.27,74542,261,6485
2013-02-01,24,3558.46,85403,291,6681
2013-02-02,24,2799.67,67192,354,4907
2013-02-03,23,2151.83,49492,255,4665
2013-02-04,24,3323.04,79753,265,6316
2013-02-05,22,3455.73,76026,243,6242
2013-02-06,19,3375.53,64135,271,6531
2013-02-07,18,3767.44,67814,372,6497
2013-02-08,29,3459.93,100338,324,6710
2013-02-09,19,3090.74,58724,426,4880
2013-02-10,23,1485.91,34176,299,2460
2013-02-11,53,3481.79,184535,252,6202
2013-02-12,25,3276.52,81913,289,6655
2013-02-13,20,3535.75,70715,264,6759
2013-02-14,35,3620.31,126711,278,6943
2013-02-15,25,3156.04,78901,349,6660
2013-02-16,23,2917.43,67101,341,4880
2013-02-17,26,2585.92,67234,268,4422
2013-02-18,24,3117.04,74809,295,5512
2013-02-19,21,3569.38,74957,235,6996
2013-02-20,16,3550.5,56808,220,6723
2013-02-21,20,3962.75,79255,244,6986
2013-02-22,24,3072.17,73732,309,5830
2013-02-23,39,2310.44,90107,367,4776
2013-02-24,29,2087.38,60534,252,4473
2013-02-25,31,3100.16,96105,229,6920
2013-02-26,28,3710.86,103904,229,6776
2013-02-27,34,3851.24,130942,263,7067
2013-02-28,19,3511.05,66710,256,7029
2013-03-01,23,3943.39,90698,345,6864
2013-03-02,23,3016.74,69385,371,5219
2013-03-03,22,2581.77,56799,277,4356
2013-03-04,20,3082.65,61653,256,6235
2013-03-05,27,2514.52,67892,289,4805
2013-03-06,25,3158.92,78973,266,6720
2013-03-07,16,3484.44,55751,295,6920
2013-03-08,28,3514.61,98409,352,6023
2013-03-09,20,2619.5,52390,389,4776
2013-03-10,45,2263.27,101847,380,4230
2013-03-11,23,2650.96,60972,362,6607
2013-03-12,13,3834.23,49845,258,6558
2013-03-13,14,3807.0,53298,368,6850
2013-03-14,15,3446.67,51700,331,5718
2013-03-15,16,3661.56,58585,356,6289
2013-03-16,30,3263.13,97894,369,5155
2013-03-17,14,2253.79,31553,308,4319
2013-03-18,13,2784.69,36201,308,5339
2013-03-19,28,4292.18,120181,317,6574
2013-03-20,22,3825.68,84165,282,6761
2013-03-21,24,3820.67,91696,282,6847
2013-03-22,24,3877.46,93059,360,6497
2013-03-23,24,3103.21,74477,394,6264
2013-03-24,24,2469.79,59275,277,4652
2013-03-25,26,3619.15,94098,298,6581
2013-03-26,24,3504.88,84117,221,6784
2013-03-27,23,3672.39,84465,264,6743
2013-03-28,24,3694.88,88677,296,6780
2013-03-29,24,3640.46,87371,304,5998
2013-03-30,24,2683.33,64400,339,4502
2013-03-31,37,1961.89,72590,245,4246
2013-04-01,21,3442.38,72290,248,6597
2013-04-02,24,3679.96,88319,267,7009
2013-04-03,24,3804.17,91300,268,6637
2013-04-04,23,3899.35,89685,275,6841
2013-04-05,23,3781.74,86980,310,6756
2013-04-06,32,3250.22,104007,349,5007
2013-04-07,32,2727.34,87275,284,4342
2013-04-08,29,3204.1,92919,262,6971
2013-04-09,44,3204.14,140982,268,7110
2013-04-10,31,3592.84,111378,227,6812
2013-04-11,32,2419.0,77408,238,5668
2013-04-12,52,4288.37,222995,309,6595
2013-04-13,40,2506.25,100250,351,5311
2013-04-14,30,1803.2,54096,253,3946
2013-04-15,37,4056.76,150100,233,7082
2013-04-16,24,3729.04,89497,234,7016
2013-04-17,23,3662.7,84242,239,7039
2013-04-18,42,2464.21,103497,264,7150
2013-04-19,60,3510.32,210619,261,6160
2013-04-20,35,2604.63,91162,390,5053
2013-04-21,24,2434.17,58420,273,4542
2013-04-22,36,3202.53,115291,278,7062
2013-04-23,46,3786.37,174173,240,6519
2013-04-24,28,3064.04,85793,276,6725
2013-04-25,26,4057.96,105507,276,6813
2013-04-26,24,3922.13,94131,296,7009
2013-04-27,25,2994.04,74851,371,5426
2013-04-28,24,2649.79,63595,284,5034
2013-04-29,24,3629.38,87105,267,6851
2013-04-30,24,3753.13,90075,275,7217
2013-05-01,23,3704.83,85211,283,6421
2013-05-02,41,4387.12,179872,268,6818
2013-05-03,25,3690.0,92250,337,6478
2013-05-04,49,3594.49,176130,361,4991
2013-05-05,25,2552.16,63804,314,5734
2013-05-06,24,3611.75,86682,284,6970
2013-05-07,24,3837.54,92101,259,6763
2013-05-08,24,3754.33,90104,298,6888
2013-05-09,34,3776.94,128416,262,6800
2013-05-10,26,3837.54,99776,292,6802
2013-05-11,24,2187.33,52496,304,3793
2013-05-12,25,1844.4,46110,226,3311
2013-05-13,24,3604.79,86515,227,6969
2013-05-14,24,3811.83,91484,238,6653
2013-05-15,24,3847.25,92334,261,6624
2013-05-16,24,3837.79,92107,277,6642
2013-05-17,23,3740.7,86036,311,6778
2013-05-18,34,3297.71,112122,352,4935
2013-05-19,52,2309.23,120080,318,4679
2013-05-20,43,4208.74,180976,325,6369
2013-05-21,39,3550.08,138453,258,6768
2013-05-22,47,3571.81,167875,228,6880
2013-05-23,39,3902.54,152199,280,6717
2013-05-24,24,3604.42,86506,325,6372
2013-05-25,27,2473.15,66775,323,4537
2013-05-26,26,1983.69,51576,255,3637
2013-05-27,24,1966.96,47207,264,3812
2013-05-28,27,3398.74,91766,268,6658
2013-05-29,29,4175.24,121082,243,7068
2013-05-30,30,3806.1,114183,250,6778
2013-05-31,36,3055.69,110005,339,6653
2013-06-01,28,2590.89,72545,421,4975
2013-06-02,26,2787.42,72473,355,4702
2013-06-03,24,3613.96,86735,319,6746
2013-06-04,24,3707.17,88972,256,6852
2013-06-05,30,3671.1,110133,249,6762
2013-06-06,48,4071.04,195410,281,6744
2013-06-07,30,4045.33,121360,321,6787
2013-06-08,24,2832.29,67975,414,4535
2013-06-09,25,2441.16,61029,481,4300
2013-06-10,35,4215.49,147542,292,6873
2013-06-11,31,3587.74,111220,284,6738
2013-06-12,28,3697.68,103535,266,6759
2013-06-13,38,3660.13,139085,328,6535
2013-06-14,24,3856.96,92567,382,6651
2013-06-15,24,2786.29,66871,389,4761
2013-06-16,29,2827.28,81991,335,4472
2013-06-17,26,3489.19,90719,298,6520
2013-06-18,24,3870.83,92900,314,6910
2013-06-19,12,3179.42,38153,276,6708
2013-06-20,10,4386.8,43868,880,6065
2013-06-21,8,1816.38,14531,324,6138
2013-06-22,20,1121.15,22423,380,3753
2013-06-23,21,1839.9,38638,635,4603
2013-06-24,27,4029.04,108784,324,6366
2013-06-25,26,4019.23,104500,278,6724
2013-06-26,24,3850.33,92408,308,6605
2013-06-27,24,3922.33,94136,336,6337
2013-06-28,23,3827.09,88023,370,6507
2013-06-29,24,2963.0,71112,410,5234
2013-06-30,30,2231.23,66937,354,4452
2013-07-01,24,3654.75,87714,341,6783
2013-07-02,24,3798.58,91166,333,6759
2013-07-03,23,3702.78,85164,364,6321
2013-07-04,24,2098.17,50356,333,3526
2013-07-05,23,3006.52,69150,334,4879
2013-07-06,23,2413.57,55512,366,3957
2013-07-07,24,2495.08,59882,359,4379
2013-07-08,25,3587.88,89697,306,6773
2013-07-09,27,3873.19,104576,308,6680
2013-07-10,27,4080.93,110185,345,6777
2013-07-11,23,3805.65,87530,316,6508
2013-07-12,23,3898.3,89661,384,6613
2013-07-13,24,2793.0,67032,395,4752
2013-07-14,34,2277.91,77449,381,4438
2013-07-15,15,3028.33,45425,293,6388
2013-07-16,21,3806.19,79930,277,6550
2013-07-17,22,3844.09,84570,284,6659
2013-07-18,22,3837.5,84425,314,6477
2013-07-19,23,4129.13,94970,404,6525
2013-07-20,23,3033.96,69781,426,5077
2013-07-21,25,2469.84,61746,329,4505
2013-07-22,28,4066.61,113865,291,6403
2013-07-23,23,3669.78,84405,274,6266
2013-07-24,21,4004.14,84087,314,6566
2013-07-25,24,3867.42,92818,310,6423
2013-07-26,23,3548.43,81614,332,6509
2013-07-27,25,2670.28,66757,402,4591
2013-07-28,25,2632.8,65820,318,4706
2013-07-29,23,3601.3,82830,324,6505
2013-07-30,23,3771.26,86739,283,7070
2013-07-31,34,4004.44,136151,287,6866
2013-08-01,30,3934.03,118021,344,6440
2013-08-02,24,3993.38,95841,390,6342
2013-08-03,22,2866.77,63069,406,4677
2013-08-04,24,2555.33,61328,337,4572
2013-08-05,23,3743.91,86110,321,6597
2013-08-06,31,3535.48,109600,292,6791
2013-08-07,20,3487.05,69741,315,6986
2013-08-08,22,4140.55,91092,300,6771
2013-08-09,22,3998.64,87970,370,6474
2013-08-10,22,3089.91,67978,463,4721
2013-08-11,23,2558.65,58849,315,4591
2013-08-12,24,3709.67,89032,296,6583
2013-08-13,24,3881.29,93151,311,6720
2013-08-14,19,3726.11,70796,271,6599
2013-08-15,16,3513.13,56210,334,6630
2013-08-16,20,4200.15,84003,381,6585
2013-08-17,24,2894.63,69471,397,4728
2013-08-18,23,2705.96,62237,301,4601
2013-08-19,24,3677.38,88257,307,6655
2013-08-20,24,3824.25,91782,294,6865
2013-08-21,23,3839.0,88297,330,6714
2013-08-22,24,3865.29,92767,302,6823
2013-08-23,23,4048.96,93126,369,6693
2013-08-24,14,3051.93,42727,422,5154
2013-08-25,22,2953.59,64979,377,4851
2013-08-26,22,3820.14,84043,328,6512
2013-08-27,6,3162.0,18972,620,6653
2013-08-28,12,3212.08,38545,318,6760
2013-08-29,14,4517.64,63247,643,7023
2013-08-30,28,4108.46,115037,377,6601
2013-08-31,1,1321.0,1321,1321,1321
2013-09-01,1,1712.0,1712,1712,1712
2013-09-02,22,2438.05,53637,259,4454
2013-09-03,4,365.5,1462,223,573
2013-09-04,15,4671.13,70067,2027,6455
2013-09-05,15,3621.2,54318,292,6276
2013-09-06,15,3806.0,57090,306,6535
2013-09-07,9,1925.67,17331,433,3792
2013-09-08,12,3148.25,37779,553,4326
2013-09-09,31,4133.48,128138,284,6641
2013-09-10,17,3717.35,63195,252,6400
2013-09-11,18,3979.67,71634,286,6640
2013-09-12,6,2942.0,17652,282,5687
2013-09-13,17,3968.41,67463,358,6435
2013-09-14,24,2850.83,68420,574,4782
2013-09-15,24,1952.96,46871,289,4523
2013-09-16,15,2899.93,43499,237,6158
2013-09-17,22,3030.32,66667,233,6605
2013-09-18,23,3379.87,77737,331,6807
2013-09-19,17,3661.35,62243,260,6720
2013-09-20,15,3642.53,54638,312,6055
2013-09-21,10,2114.6,21146,416,4042
2013-09-22,11,2863.55,31499,663,4883
2013-09-23,7,3474.86,24324,261,6679
2013-09-24,12,3825.42,45905,376,6069
2013-09-25,17,3638.65,61857,241,6000
2013-09-26,22,3939.95,86679,270,6709
2013-09-27,22,3842.32,84531,315,6637
2013-09-28,22,3184.5,70059,432,5208
2013-09-29,22,2592.77,57041,329,4794
2013-09-30,11,2636.45,29001,270,6469
2013-10-01,2,1984.5,3969,1299,2670
2013-10-02,3,899.0,2697,899,899
2013-10-03,25,4184.24,104606,273,6529
2013-10-04,21,3880.67,81494,343,6680
2013-10-05,32,2778.28,88905,373,5739
2013-10-06,36,3315.83,119370,344,6645
2013-10-07,16,3459.81,55357,227,6527
2013-10-08,12,4030.92,48371,213,6795
2013-10-09,24,3762.71,90305,272,6709
2013-10-10,24,3915.13,93963,271,6668
2013-10-11,18,3794.67,68304,316,6775
2013-10-12,14,3446.93,48257,418,5463
2013-10-13,9,2635.89,23723,351,5353
2013-10-14,13,3369.15,43799,291,5737
2013-10-15,30,3710.3,111309,340,6237
2013-10-16,14,3997.5,55965,268,6344
2013-10-17,24,3880.71,93137,344,6659
2013-10-18,26,3057.0,79482,341,6277
2013-10-19,19,2960.95,56258,393,5508
2013-10-20,18,3022.78,54410,394,4655
2013-10-21,15,4316.6,64749,1018,6827
2013-10-22,11,3406.18,37468,251,6876
2013-10-23,11,4273.18,47005,1041,6922
2013-10-24,6,4985.67,29914,1400,7094
2013-10-25,10,4479.0,44790,2088,6771
2013-10-26,8,4264.75,34118,2555,6116
2013-10-27,1,822.0,822,822,822
2013-11-06,18,4126.56,74278,859,6934
2013-11-07,19,3798.11,72164,263,7110
2013-11-08,23,3863.78,88867,317,6703
2013-11-09,23,2876.13,66151,373,4537
2013-11-10,24,2246.25,53910,260,4319
2013-11-11,23,3211.09,73855,215,6170
2013-11-12,24,3697.63,88743,206,6874
2013-11-13,24,3830.58,91934,259,7020
2013-11-14,23,3738.74,85991,255,6866
2013-11-15,26,4168.0,108368,315,6789
2013-11-16,34,3152.85,107197,387,4592
2013-11-17,24,2186.67,52480,289,4351
2013-11-18,21,3209.95,67409,249,6964
2013-11-19,24,3691.29,88591,208,7015
2013-11-20,26,3677.23,95608,262,7107
2013-11-21,26,3864.77,100484,289,6485
2013-11-22,24,3963.33,95120,332,6641
2013-11-23,24,2774.42,66586,362,5311
2013-11-24,24,2218.21,53237,292,4148
2013-11-25,21,3246.71,68181,232,6492
2013-11-26,21,3866.33,81193,251,6891
2013-11-27,24,3770.38,90489,292,6366
2013-11-28,23,2097.17,48235,264,3649
2013-11-29,23,2739.13,63000,319,4742
2013-11-30,24,2695.42,64690,341,4846
2013-12-01,24,2509.38,60225,296,4963
2013-12-02,49,3576.59,175253,243,6277
2013-12-03,56,3948.61,221122,272,6118
2013-12-04,48,3097.77,148693,275,4540
2013-12-05,22,3582.45,78814,273,5792
2013-12-06,24,3666.08,87986,305,6058
2013-12-07,22,2648.73,58272,317,4893
2013-12-08,38,2001.11,76042,271,3453
2013-12-09,26,2622.54,68186,231,5808
2013-12-10,28,3238.14,90668,257,6014
2013-12-11,21,3390.57,71202,292,6274
2013-12-12,24,3599.63,86391,256,6094
2013-12-13,26,3589.19,93319,296,6314
2013-12-14,29,2432.0,70528,365,4825
2013-12-15,24,2268.58,54446,270,4322
2013-12-16,26,3040.58,79055,231,5626
2013-12-17,23,3565.61,82009,286,5895
2013-12-18,22,3684.73,81064,341,6236
2013-12-19,25,3502.12,87553,288,6310
2013-12-20,27,3019.78,81534,364,5906
2013-12-21,23,2652.04,60997,336,4751
2013-12-22,22,2004.5,44099,272,3846
2013-12-23,28,2730.14,76444,278,5294
2013-12-24,31,2166.65,67166,258,4324
2013-12-25,32,1527.63,48884,164,2735
2013-12-26,25,2912.0,72800,247,5135
2013-12-27,26,2694.92,70068,308,5785
2013-12-28,35,2076.66,72683,323,4451
2013-12-29,24,1988.75,47730,300,3769
2013-12-30,28,2828.54,79199,256,4855
2013-12-31,23,3034.74,69799,288,5241
2014-01-01,22,1637.45,36024,329,2920
2014-01-02,22,3301.5,72633,213,5654
2014-01-03,30,3970.67,119120,285,5923
2014-01-04,25,2277.96,56949,318,4412
2014-01-05,23,1643.48,37800,232,3230
2014-01-06,23,2268.57,52177,193,4471
2014-01-07,22,3029.23,66643,209,5761
2014-01-08,23,3286.43,75588,236,6280
2014-01-09,23,3754.17,86346,311,6421
2014-01-10,27,3332.19,89969,287,6235
2014-01-11,23,2835.48,65216,365,4706
2014-01-12,23,2063.04,47450,261,4151
2014-01-13,26,3146.31,81804,210,6276
2014-01-14,37,2780.3,102871,242,5725
2014-01-15,28,3542.32,99185,305,6252
2014-01-16,31,3487.16,108102,271,6413
2014-01-17,24,3821.5,91716,306,6430
2014-01-18,24,2557.88,61389,389,4434
2014-01-19,23,2314.52,53234,286,4410
2014-01-20,23,2793.13,64242,251,4687
2014-01-21,24,3319.13,79659,222,6322
2014-01-22,29,3092.97,89696,271,6427
2014-01-23,22,3285.0,72270,244,5953
2014-01-24,29,3430.86,99495,279,6398
2014-01-25,27,2743.48,74074,369,4762
2014-01-26,34,1492.85,50757,303,3701
2014-01-27,24,2637.83,63308,195,5028
2014-01-28,24,3153.83,75692,194,5958
2014-01-29,24,3451.71,82841,233,6285
2014-01-30,24,2599.67,62392,268,4730
2014-01-31,24,3638.75,87330,313,5979
2014-02-01,24,2852.58,68462,347,4933
2014-02-02,24,2091.08,50186,284,4295
2014-02-03,24,3345.83,80300,230,6136
2014-02-04,24,3557.75,85386,234,6404
2014-02-05,24,3479.0,83496,227,6415
2014-02-06,24,3604.92,86518,245,6498
2014-02-07,24,3711.33,89072,308,6208
2014-02-08,24,2752.58,66062,343,4694
2014-02-09,24,2284.08,54818,264,4117
2014-02-10,24,3375.63,81015,298,6403
2014-02-11,24,3403.13,81675,212,6431
2014-02-12,24,3478.83,83492,246,6650
2014-02-13,24,3582.13,85971,231,6404
2014-02-14,24,3857.17,92572,295,6403
2014-02-15,24,2509.71,60233,334,4213
2014-02-16,24,2241.08,53786,252,4354
2014-02-17,24,2471.88,59325,245,4527
2014-02-18,24,3572.42,85738,269,6395
2014-02-19,24,3662.63,87903,259,6660
2014-02-20,24,2788.33,66920,279,6132
2014-02-21,24,1943.0,46632,218,3560
2014-02-22,24,2192.17,52612,300,3651
2014-02-23,24,2123.75,50970,290,3888
2014-02-24,24,3210.38,77049,231,5983
2014-02-25,27,3047.33,82278,244,6326
2014-02-26,24,3362.38,80697,232,6027
2014-02-27,24,3498.21,83957,269,6224
2014-02-28,24,3674.5,88188,290,6308
2014-03-01,24,2731.71,65561,364,4731
2014-03-02,24,2212.17,53092,257,4122
2014-03-03,24,3415.75,81978,263,6158
2014-03-04,19,3000.05,57001,237,5464
2014-03-05,24,3592.79,86227,211,6350
2014-03-06,24,3720.58,89294,249,6541
2014-03-07,24,3775.54,90613,315,6644
2014-03-08,24,3231.83,77564,433,5458
2014-03-09,23,2680.17,61644,433,4850
2014-03-10,24,3503.21,84077,302,6260
2014-03-11,24,3625.58,87014,278,6418
2014-03-12,24,3687.33,88496,237,6462
2014-03-13,24,3755.96,90143,241,6598
2014-03-14,24,3742.21,89813,303,6316
2014-03-15,24,2956.79,70963,355,4893
2014-03-16,24,2385.17,57244,294,4429
2014-03-17,24,3304.08,79298,218,6306
2014-03-18,24,3495.79,83899,290,6309
2014-03-19,24,3379.67,81112,289,6140
2014-03-20,24,3699.25,88782,237,6585
2014-03-21,24,3668.42,88042,300,6290
2014-03-22,24,2863.75,68730,373,6016
2014-03-23,24,2281.46,54755,283,4587
2014-03-24,24,3356.25,80550,212,6529
2014-03-25,24,3597.5,86340,219,6538
2014-03-26,24,3761.63,90279,240,6641
2014-03-27,24,3555.67,85336,237,6218
2014-03-28,24,3825.08,91802,286,6421
2014-03-29,24,3005.29,72127,372,5225
2014-03-30,24,2468.38,59241,292,4652
2014-03-31,24,3428.0,82272,359,6318
2014-04-01,24,3488.29,83719,233,6397
2014-04-02,23,3607.17,82965,269,6641
2014-04-03,24,3384.0,81216,260,6421
2014-04-04,24,2888.79,69331,305,5663
2014-04-05,24,2953.29,70879,363,4949
2014-04-06,24,2364.25,56742,297,4522
2014-04-07,24,3602.96,86471,242,6590
2014-04-08,24,3812.04,91489,231,6816
2014-04-09,24,3831.21,91949,277,6972
2014-04-10,24,3921.17,94108,265,6699
2014-04-11,24,3949.63,94791,306,6719
2014-04-12,24,2975.0,71400,385,5322
2014-04-13,24,2445.96,58703,278,4388
2014-04-14,24,3543.92,85054,254,6794
2014-04-15,24,3773.83,90572,243,6877
2014-04-16,24,3557.04,85369,261,6948
2014-04-17,24,3676.79,88243,245,6482
2014-04-18,24,3721.88,89325,328,6022
2014-04-19,24,2693.25,64638,330,4496
2014-04-20,22,2400.77,52817,235,4492
2014-04-21,26,3912.96,101737,255,6557
2014-04-22,24,3716.92,89206,232,6816
2014-04-23,24,3669.88,88077,248,6943
2014-04-24,24,3792.13,91011,269,6747
2014-04-25,24,3898.04,93553,349,6349
2014-04-26,24,2072.54,49741,226,3787
2014-04-27,24,1925.21,46205,237,3667
2014-04-28,24,3463.08,83114,206,6438
2014-04-29,9,2511.56,22604,255,6203
2014-05-04,19,3082.0,58558,531,4721
2014-05-05,24,3639.71,87353,241,6796
2014-05-06,21,3451.1,72473,250,6493
2014-05-07,24,3773.33,90560,317,7070
2014-05-08,56,3887.02,217673,258,6174
2014-05-09,27,3590.0,96930,306,6540
2014-05-10,29,2892.31,83877,385,5039
2014-05-11,33,2095.58,69154,265,4538
2014-05-12,42,3524.4,148025,260,6676
2014-05-13,25,3737.04,93426,265,6908
2014-05-14,24,3908.17,93796,313,6825
2014-05-15,24,3961.96,95087,289,6875
2014-05-16,24,3982.71,95585,386,6503
2014-05-17,24,3168.08,76034,387,5308
2014-05-18,24,2732.33,65576,357,5064
2014-05-19,49,3681.08,180373,295,6344
2014-05-20,44,3825.77,168334,255,6885
2014-05-21,24,3763.0,90312,370,6701
2014-05-22,24,3812.21,91493,304,6547
2014-05-23,24,3712.33,89096,302,6165
2014-05-24,24,2597.96,62351,360,4198
2014-05-25,24,2189.5,52548,299,3813
2014-05-26,24,2097.83,50348,268,3783
2014-05-27,24,3547.92,85150,245,6537
2014-05-28,24,3788.33,90920,281,6868
2014-05-29,24,3857.54,92581,287,6685
2014-05-30,24,3904.17,93700,330,6653
2014-05-31,25,3060.72,76518,452,5219
2014-06-01,35,2099.97,73499,362,4736
2014-06-02,36,3079.83,110874,292,6443
2014-06-03,21,3613.52,75884,304,6729
2014-06-04,20,3561.0,71220,359,6888
2014-06-05,25,3783.44,94586,343,6436
2014-06-06,31,3881.77,120335,313,6517
2014-06-07,40,3244.5,129780,475,5631
2014-06-08,31,2507.74,77740,374,5294
2014-06-09,24,3619.46,86867,315,6735
2014-06-10,13,2792.77,36306,261,6567
2014-06-11,9,3639.78,32758,284,6911
2014-06-12,6,3157.17,18943,423,5859
2014-06-13,6,3713.67,22282,414,5554
2014-06-14,7,2722.14,19055,464,4518
2014-06-15,15,1824.47,27367,459,4109
2014-06-16,2,2715.5,5431,444,4987
2014-06-17,2,3126.0,6252,1180,5072
2014-06-18,6,4193.0,25158,2037,6327
2014-06-19,7,4311.43,30180,443,5956
2014-06-20,6,4666.17,27997,2755,6603
2014-06-21,3,3558.67,10676,2412,4212
2014-06-22,3,1964.0,5892,658,2753
2014-06-23,6,5489.17,32935,4447,6405
2014-06-24,4,3474.25,13897,1922,5394
2014-06-25,4,4474.25,17897,2071,6605
2014-06-26,8,3507.25,28058,379,6674
2014-06-27,3,4587.0,13761,3375,5703
2014-06-28,7,3163.86,22147,1474,3628
2014-06-29,5,2523.2,12616,356,4853
2014-06-30,2,2984.5,5969,2764,3205
2014-07-01,12,4008.33,48100,1194,6701
2014-07-02,22,3095.73,68106,312,6617
2014-07-03,8,5197.75,41582,1927,6301
2014-07-04,20,2515.5,50310,382,3654
2014-07-05,21,2645.57,55557,319,4027
2014-07-06,32,2032.09,65027,313,4178
2014-07-07,27,3504.33,94617,345,6557
2014-07-08,23,3737.26,85957,318,6705
2014-07-09,24,3917.42,94018,304,6817
2014-07-10,24,3924.13,94179,404,6766
2014-07-11,35,3908.2,136787,434,6558
2014-07-12,37,2976.35,110125,487,4578
2014-07-13,24,2606.92,62566,353,4833
2014-07-14,23,3527.91,81142,333,6763
2014-07-15,24,3835.58,92054,336,7090
2014-07-16,24,3862.42,92698,350,6852
2014-07-17,24,3919.08,94058,333,6665
2014-07-18,24,3907.25,93774,381,6338
2014-07-19,24,2997.38,71937,498,4946
2014-07-20,24,2629.54,63109,384,4682
2014-07-21,24,3705.54,88933,380,6741
2014-07-22,24,3811.08,91466,334,6865
2014-07-23,24,3891.17,93388,341,6609
2014-07-24,3,519.33,1558,349,698
2014-07-25,29,3791.79,109962,430,6571
2014-07-26,24,2934.75,70434,460,4798
2014-07-27,16,2506.38,40102,376,4468
2014-07-30,15,4729.0,70935,1330,6537
2014-07-31,23,4201.48,96634,330,6739
2014-08-01,23,4094.83,94181,380,6479
2014-08-02,7,1041.14,7288,736,1372
2014-08-03,13,3746.38,48703,1195,4741
2014-08-04,22,4275.73,94066,479,6596
2014-08-05,26,3643.92,94742,346,6886
2014-08-06,29,3841.28,111397,359,6688
2014-08-07,14,3331.21,46637,381,6731
2014-08-08,2,682.0,1364,516,848
2015-06-11,1,2886.0,2886,2886,2886
2015-06-12,3,3591.33,10774,3095,4380
2015-06-13,2,2545.5,5091,2051,3040
2015-06-14,1,2909.0,2909,2909,2909
2015-06-19,1,4681.0,4681,4681,4681
2015-06-20,1,4045.0,4045,4045,4045
2015-06-22,2,2578.5,5157,742,4415
2015-06-24,16,4169.5,66712,923,6393
2015-06-25,13,3418.31,44438,334,6277
2015-06-26,23,3676.48,84559,384,6002
2015-06-27,26,2645.62,68786,452,4395
2015-06-28,33,2331.85,76951,330,4571
2015-06-29,39,3405.49,132814,326,6495
2015-06-30,25,3726.4,93160,327,6383
2015-07-01,23,3569.78,82105,347,6261
2015-07-02,24,3584.79,86035,356,5933
2015-07-03,24,2681.92,64366,359,4380
2015-07-04,39,1767.1,68917,341,3493
2015-07-05,26,2254.27,58611,293,4057
2015-07-06,64,3532.59,226086,319,6006
2015-07-07,24,3511.08,84266,283,6368
2015-07-08,24,3650.83,87620,286,6234
2015-07-09,24,3728.67,89488,343,6518
2015-07-10,24,3659.08,87818,379,6030
2015-07-11,26,2750.81,71521,436,4826
2015-07-12,25,2242.8,56070,359,4366
2015-07-13,29,2911.17,84424,295,6073
2015-07-14,24,3496.67,83920,325,6444
2015-07-15,25,3512.84,87821,356,6429
2015-07-16,45,4022.73,181023,351,6133
2015-07-17,27,3583.7,96760,340,6060
2015-07-18,31,2326.84,72132,435,4583
2015-07-19,24,2686.79,64483,342,4929
2015-07-20,24,3478.0,83472,316,6247
2015-07-21,24,3588.71,86129,267,6071
2015-07-22,24,3615.25,86766,312,6279
2015-07-23,24,3621.58,86918,349,6256
2015-07-24,34,3633.79,123549,65,6023
2015-07-25,26,1611.31,41894,1,3410
2015-07-26,26,2032.65,52849,258,3892
2015-07-27,24,3413.63,81927,305,5868
2015-07-28,29,3720.17,107885,317,6622
2015-07-29,23,3382.78,77804,305,6177
2015-07-30,23,3743.7,86105,342,6462
2015-07-31,24,3804.79,91315,376,6132
2015-08-01,24,2407.04,57769,397,3926
2015-08-02,24,2322.25,55734,300,3959
2015-08-03,24,3514.42,84346,315,6278
2015-08-04,24,3581.08,85946,293,6269
2015-08-05,24,3795.96,91103,308,6501
2015-08-06,33,3656.52,120665,357,6352
2015-08-07,30,3311.6,99348,354,6093
2015-08-08,26,2818.42,73279,446,4540
2015-08-09,32,2608.69,83478,360,4735
2015-08-10,26,3320.54,86334,321,6215
2015-08-11,24,3570.0,85680,283,6490
2015-08-12,24,3792.63,91023,323,6409
2015-08-13,27,3412.63,92141,322,6349
2015-08-14,25,3625.76,90644,348,5852
2015-08-15,26,2758.65,71725,400,4898
2015-08-16,36,2586.03,93097,308,4453
2015-08-17,26,3231.46,84018,277,6376
2015-08-18,46,3811.13,175312,270,6649
2015-08-19,54,3844.72,207615,307,6440
2015-08-20,24,3805.75,91338,281,6519
2015-08-21,24,3724.5,89388,356,6237
2015-08-22,34,2907.0,98838,423,4738
2015-08-23,27,2353.63,63548,285,4532
2015-08-24,24,3543.29,85039,268,6463
2015-08-25,23,3783.48,87020,293,6620
2015-08-26,25,3719.32,92983,297,6563
2015-08-27,24,3843.63,92247,257,6719
2015-08-28,25,3954.16,98854,351,6412
2015-08-29,22,2631.18,57886,388,5024
2015-08-30,26,2566.92,66740,303,5042
2015-08-31,27,3585.11,96798,255,6488
2015-09-01,12,3624.25,43491,383,6685
2015-09-02,33,4391.42,144917,325,6526
2015-09-03,33,3727.21,122998,311,6518
2015-09-04,24,3794.71,91073,352,6243
2015-09-05,28,2768.5,77518,439,4623
2015-09-06,37,2219.89,82136,355,4579
2015-09-07,24,2430.29,58327,255,4660
2015-09-08,29,3466.0,100514,253,6740
2015-09-09,31,3282.0,101742,260,6856
2015-09-10,38,3527.08,134029,297,6606
2015-09-11,24,3659.5,87828,310,6262
2015-09-12,31,1701.13,52735,196,3248
2015-09-13,24,2342.33,56216,257,3949
2015-09-14,23,3694.04,84963,246,6579
2015-09-15,24,3793.42,91042,257,6749
2015-09-16,29,2960.03,85841,278,6777
2015-09-17,49,4035.67,197748,255,6550
2015-09-18,34,3817.35,129790,347,6180
2015-09-19,25,2982.64,74566,383,4825
2015-09-20,23,2666.0,61318,367,4270
2015-09-21,21,3648.43,76617,235,6772
2015-09-22,21,3459.43,72648,255,6790
2015-09-23,38,3558.84,135236,257,6567
2015-09-24,50,3961.16,198058,384,6454
2015-09-25,18,3646.11,65630,392,6448
2015-09-26,18,2366.33,42594,432,4455
2015-09-27,21,2498.1,52460,336,4782
2015-09-28,23,3898.04,89655,315,6558
2015-09-29,21,3476.76,73012,258,6682
2015-09-30,21,3717.1,78059,273,6457
2015-10-01,20,3540.55,70811,298,6258
2015-10-02,20,3686.15,73723,381,6418
2015-10-03,21,3054.67,64148,368,5542
2015-10-04,21,2724.24,57209,338,6013
2015-10-05,21,3612.0,75852,258,6470
2015-10-06,20,3541.1,70822,268,6557
2015-10-07,27,3505.3,94643,252,6304
2015-10-08,35,3698.89,129461,282,6312
2015-10-09,16,3473.13,55570,331,6200
2015-10-10,20,2236.95,44739,268,3688
2015-10-11,23,1723.83,39648,215,2855
2015-10-12,28,3747.04,104917,210,6241
2015-10-13,25,3483.16,87079,251,6465
2015-10-14,15,3115.6,46734,300,6401
2015-10-15,21,3990.81,83807,265,6431
2015-10-16,9,3500.22,31502,369,5307
2015-10-17,11,2416.82,26585,360,4378
2015-10-18,17,2078.06,35327,332,4394
2015-10-19,19,3264.79,62031,256,6414
2015-10-20,13,3891.85,50594,957,6192
2015-10-21,20,3921.25,78425,327,6378
2015-10-22,20,3769.65,75393,261,6464
2015-10-23,15,3070.73,46061,346,5776
2015-10-27,14,3713.14,51984,1042,6324
2015-10-28,41,3594.68,147382,339,5848
2015-10-29,22,3368.41,74105,229,6320
2015-10-30,14,3750.5,52507,306,6158
2015-10-31,23,2711.96,62375,411,5488
2015-11-01,13,2306.0,29978,314,4628
2015-11-02,13,3543.31,46063,288,6532
2015-11-03,16,3553.44,56855,229,6548
2015-11-04,15,3889.67,58345,336,6670
2015-11-05,14,4066.29,56928,358,6743
2015-11-06,13,3943.85,51270,381,6809
2015-11-07,13,2827.46,36757,376,4680
2015-11-08,13,2271.31,29527,304,4235
2015-11-09,14,3216.29,45028,299,6514
2015-11-10,13,3665.0,47645,303,6517
2015-11-11,24,2993.5,71844,355,6049
2015-11-12,20,2949.05,58981,253,6794
2015-11-13,13,3380.62,43948,257,6235
2015-11-14,14,3012.07,42169,425,5322
2015-11-15,17,2159.06,36704,304,4727
2015-11-16,20,3279.6,65592,237,6089
2015-11-17,34,3633.38,123535,273,6368
2015-11-18,25,3421.36,85534,292,6341
2015-11-19,17,2795.47,47523,271,6557
2015-11-20,14,3380.93,47333,328,6574
2015-11-21,13,3145.46,40891,385,4790
2015-11-22,14,2341.79,32785,299,4923
2015-11-23,13,3446.31,44802,274,6157
2015-11-24,14,3350.0,46900,337,6709
2015-11-25,13,3450.08,44851,329,5966
2015-11-26,22,2016.64,44366,272,3232
2015-11-27,13,2716.85,35319,287,4804
2015-11-28,14,2810.21,39343,303,5002
2015-11-29,13,2560.85,33291,298,5228
2015-11-30,24,3031.83,72764,260,5147
2015-12-01,23,3221.13,74086,275,6376
2015-12-02,19,3263.63,62009,285,6401
2015-12-03,12,3792.0,45504,342,6690
2015-12-04,13,3879.85,50438,302,6452
2015-12-05,13,3030.38,39395,420,5264
2015-12-06,20,2482.95,49659,353,4233
2015-12-07,16,2781.0,44496,318,6464
2015-12-08,18,3826.28,68873,290,6550
2015-12-09,18,2939.06,52903,262,6893
2015-12-10,16,3996.13,63938,287,6614
2015-12-11,14,3839.07,53747,331,6555
2015-12-12,17,3093.29,52586,412,5130
2015-12-13,23,2290.74,52687,289,4440
2015-12-14,23,3961.17,91107,311,5739
2015-12-15,17,4143.24,70435,281,6054
2015-12-16,36,3767.94,135646,269,6450
2015-12-17,14,3894.5,54523,301,6209
2015-12-18,13,3794.08,49323,350,6057
2015-12-19,15,2774.73,41621,397,4897
2015-12-20,18,2200.78,39614,309,4497
2015-12-21,15,3256.07,48841,272,6356
2015-12-22,13,3828.77,49774,434,6310
2015-12-23,24,4083.71,98009,369,5222
2015-12-24,14,2600.64,36409,374,4812
2015-12-25,20,1559.25,31185,171,3015
2015-12-26,27,1478.15,39910,270,3759
2015-12-27,19,2256.89,42881,285,4699
2015-12-28,21,2666.95,56006,301,5565
2015-12-29,29,2360.17,68445,363,5056
2015-12-30,17,3227.47,54867,356,6091
2015-12-31,26,3560.23,92566,358,5747
2016-01-01,19,1815.21,34489,533,3498
2016-01-02,18,2278.78,41018,378,4513
2016-01-03,13,2202.15,28628,606,4369
2016-01-04,21,3899.57,81891,270,6234
2016-01-05,17,3595.29,61120,309,6525
2016-01-06,22,3093.64,68060,426,6716
2016-01-07,32,3209.34,102699,315,6438
2016-01-08,33,3017.3,99571,359,5982
2016-01-09,16,2877.88,46046,273,4984
2016-01-10,15,2315.93,34739,273,3973
2016-01-11,23,2918.7,67130,269,5540
2016-01-12,16,2976.81,47629,326,6062
2016-01-13,16,3210.94,51375,486,6636
2016-01-14,21,3793.14,79656,351,6713
2016-01-15,19,3233.21,61431,481,6483
2016-01-16,18,2848.39,51271,688,4636
2016-01-17,17,2006.06,34103,343,3954
2016-01-18,14,3087.07,43219,263,4883
2016-01-19,13,3502.54,45533,520,6735
2016-01-20,27,3613.41,97562,254,6494
2016-01-21,30,3769.57,113087,319,6708
2016-01-22,15,3897.33,58460,585,6630
2016-01-23,16,2902.88,46446,440,4894
2016-01-24,23,2557.13,58814,440,4166
2016-01-25,28,3732.57,104512,260,6309
2016-01-26,15,3291.6,49374,279,6600
2016-01-27,16,3359.88,53758,274,6649
2016-01-28,18,3646.22,65632,347,6583
2016-01-29,23,3570.78,82128,286,6536
2016-01-30,12,2733.42,32801,408,5145
2016-01-31,17,2287.0,38879,401,4929
2016-02-01,26,3950.27,102707,312,6323
2016-02-02,29,2463.48,71441,315,6622
2016-02-03,26,2540.31,66048,217,5814
2016-02-04,22,3436.91,75612,300,6158
2016-02-05,31,3854.9,119502,323,6824
2016-02-06,31,2748.06,85190,408,5533
2016-02-07,30,2296.33,68890,401,4548
2016-02-08,32,3667.38,117356,231,6377
2016-02-09,22,3793.68,83461,425,6778
2016-02-10,18,3371.17,60681,337,6820
2016-02-11,19,3443.21,65421,283,6764
2016-02-12,18,3878.94,69821,365,6570
2016-02-13,20,2721.55,54431,408,5190
2016-02-14,23,2264.83,52091,401,4842
2016-02-15,23,3098.83,71273,427,5307
2016-02-16,28,2853.46,79897,325,6246
2016-02-17,18,3051.5,54927,267,6898
2016-02-18,14,3495.71,48940,266,6788
2016-02-19,20,4216.75,84335,344,6501
2016-02-20,14,3085.79,43201,421,5775
2016-02-21,15,2564.2,38463,307,5427
2016-02-22,18,3214.83,57867,264,6744
2016-02-23,32,3997.22,127911,266,6308
2016-02-24,15,3100.07,46501,341,6437
2016-02-25,16,3893.0,62288,284,7118
2016-02-26,15,3795.0,56925,373,6641
2016-02-27,14,2969.0,41566,377,5167
2016-02-28,14,2778.14,38894,394,5169
2016-02-29,13,3670.92,47722,270,6775
2016-03-01,14,3871.57,54202,453,6190
2016-03-02,13,3482.77,45276,454,6599
2016-03-03,11,3975.18,43727,306,6836
2016-03-04,19,4238.74,80536,367,6677
2016-03-05,13,2979.92,38739,400,5265
2016-03-06,15,2208.93,33134,302,4465
2016-03-07,16,3848.31,61573,351,6860
2016-03-08,12,3666.83,44002,248,6953
2016-03-09,20,3972.35,79447,279,6843
2016-03-10,14,3753.86,52554,280,6823
2016-03-11,15,3843.8,57657,375,6690
2016-03-12,16,3265.0,52240,439,5506
2016-03-13,22,2284.41,50257,451,4647
2016-03-14,34,3186.26,108333,351,6372
2016-03-15,34,3979.29,135296,335,6503
2016-03-16,22,3287.95,72335,245,6976
2016-03-17,29,3309.69,95981,267,6694
2016-03-18,24,3488.88,83733,290,6218
2016-03-19,23,2493.96,57361,360,6371
2016-03-20,14,2721.14,38096,606,4760
2016-03-21,18,3294.0,59292,304,6536
2016-03-22,16,3678.38,58854,288,6328
2016-03-23,23,3680.57,84653,349,6945
2016-03-24,16,3486.56,55785,262,6382
2016-03-25,18,3490.89,62836,357,5800
2016-03-26,26,2506.31,65164,484,4683
2016-03-27,29,1462.97,42426,240,4083
2016-03-28,19,3050.32,57956,266,6412
2016-03-29,17,3919.59,66633,333,7083
2016-03-30,27,3902.19,105359,299,6672
2016-03-31,19,4192.79,79663,279,6789
2016-04-01,18,4205.56,75700,378,6830
2016-04-02,16,3096.75,49548,452,5023
2016-04-03,14,2686.21,37607,452,4950
2016-04-04,17,3485.59,59255,285,6549
2016-04-05,26,4116.62,107032,280,6904
2016-04-06,26,3524.85,91646,292,6970
2016-04-07,32,4124.59,131987,260,6731
2016-04-08,27,3917.41,105770,365,6670
2016-04-09,21,2957.43,62106,368,5108
2016-04-10,18,2551.56,45928,368,4811
2016-04-11,17,3371.24,57311,269,6877
2016-04-12,17,3861.71,65649,257,6456
2016-04-13,21,3265.9,68584,378,7084
2016-04-14,22,4011.86,88261,360,6991
2016-04-15,21,3769.14,79152,323,6806
2016-04-16,22,3009.0,66198,405,5371
2016-04-17,20,2400.45,48009,390,4724
2016-04-18,25,3663.52,91588,299,6901
2016-04-19,34,3435.06,116792,267,6965
2016-04-20,38,3876.53,147308,275,7192
2016-04-21,41,3731.46,152990,327,7260
2016-04-22,21,3940.52,82751,418,7241
2016-04-23,21,2956.0,62076,405,5285
2016-04-24,60,2829.72,169783,390,5823
2016-04-25,49,3367.06,164986,264,6807
2016-04-26,16,3623.0,57968,252,7149
2016-04-27,14,3839.86,53758,327,7076
2016-04-28,47,3747.64,176139,275,6554
2016-04-29,30,3419.27,102578,357,6904
2016-04-30,24,3125.08,75002,405,5266
2016-05-01,24,2659.96,63839,390,5102
2016-05-02,24,3454.79,82915,123,6457
2016-05-03,24,3683.75,88410,281,6952
2016-05-04,24,3817.25,91614,774,6472
2016-05-05,24,3959.71,95033,323,7130
2016-05-06,24,3831.0,91944,382,6568
2016-05-07,33,2627.12,86695,367,4956
2016-05-08,24,2743.25,65838,367,4891
2016-05-09,32,3291.19,105318,264,6876
2016-05-10,46,3633.15,167125,213,6620
2016-05-11,48,3910.88,187722,263,6929
2016-05-12,30,3387.53,101626,278,6722
2016-05-13,32,4126.59,132051,303,6350
2016-05-14,24,2810.54,67453,411,4480
2016-05-15,24,2681.96,64367,411,5040
2016-05-16,23,3432.61,78950,285,6144
2016-05-17,24,3628.17,87076,258,6807
2016-05-18,24,3617.04,86809,302,6669
2016-05-19,24,3724.17,89380,287,6845
2016-05-20,24,3843.46,92243,330,6715
2016-05-21,24,3080.96,73943,875,5117
2016-05-22,24,2601.96,62447,326,4691
2016-05-23,29,3522.76,102160,339,6653
2016-05-24,27,3679.37,99343,314,6670
2016-05-25,29,3884.34,112646,323,6658
2016-05-26,32,3236.09,103555,301,6983
2016-05-27,38,4044.74,153700,327,6092
2016-05-28,45,2663.78,119870,644,4274
2016-05-29,31,2094.68,64935,379,3997
2016-05-30,32,1858.97,59487,293,4001
2016-05-31,28,3660.46,102493,357,6790
2016-06-01,23,3668.61,84378,321,6572
2016-06-02,24,3744.21,89861,291,6476
2016-06-03,32,4149.75,132792,504,6459
2016-06-04,32,3109.09,99491,477,5104
2016-06-05,24,2728.0,65472,364,4798
2016-06-06,25,3645.64,91141,320,6592
2016-06-07,24,3774.29,90583,297,6435
2016-06-08,24,3889.54,93349,350,6633
2016-06-09,24,3798.46,91163,313,6642
2016-06-10,24,3838.38,92121,369,6230
2016-06-11,24,2862.17,68692,445,4672
2016-06-12,24,2581.38,61953,372,4556
2016-06-13,24,3563.75,85530,269,6245
2016-06-14,24,3614.71,86753,301,6643
2016-06-15,24,3834.96,92039,366,6556
2016-06-16,24,3926.38,94233,335,6638
2016-06-17,24,3884.13,93219,407,6270
2016-06-18,24,3433.71,82409,606,5500
2016-06-19,24,3009.0,72216,472,5217
2016-06-20,24,3646.5,87516,323,6456
2016-06-21,24,3772.54,90541,320,6455
2016-06-22,24,3864.79,92755,345,6683
2016-06-23,24,3973.33,95360,425,6714
2016-06-24,26,3979.19,103459,486,6208
2016-06-25,25,2899.92,72498,493,4544
2016-06-26,24,2547.63,61143,385,4464
2016-06-27,24,3287.21,78893,304,6045
2016-06-28,24,3441.13,82587,316,5979
2016-06-29,24,3427.5,82260,297,6053
2016-06-30,25,3396.04,84901,313,5855
2016-07-01,24,3314.83,79556,381,5217
2016-07-02,24,2350.04,56401,373,3892
2016-07-03,24,2148.0,51552,419,3464
2016-07-04,24,1944.92,46678,270,3252
2016-07-05,35,3098.91,108462,319,5577
2016-07-06,28,3500.0,98000,288,5951
2016-07-07,28,3270.18,91565,335,6080
2016-07-08,24,3336.5,80076,305,5628
2016-07-09,29,1893.38,54908,1,4142
2016-07-10,33,2288.21,75511,508,4093
2016-07-11,25,3108.92,77723,291,5934
2016-07-12,26,3124.5,81237,249,6106
2016-07-13,24,3372.38,80937,271,6025
2016-07-14,24,3476.92,83446,282,6131
2016-07-15,24,3478.88,83493,316,5812
2016-07-16,24,2714.75,65154,426,4457
2016-07-17,24,2388.33,57320,292,4278
2016-07-18,24,3210.71,77057,319,5881
2016-07-19,24,3261.0,78264,287,5953
2016-07-20,24,3389.13,81339,315,6074
2016-07-21,29,3414.76,99028,279,6133
2016-07-22,30,2718.93,81568,10,5676
2016-07-23,35,192.94,6753,0,2497
2016-07-24,27,825.33,22284,3,2998
2016-07-25,24,3286.88,78885,329,5779
2016-07-26,24,3344.5,80268,278,6121
2016-07-27,35,3790.29,132660,341,6226
2016-07-28,24,3420.67,82096,284,6090
2016-07-29,24,3195.67,76696,359,5697
2016-07-30,24,2225.13,53403,230,4128
2016-07-31,24,2137.92,51310,196,4128
2016-08-01,24,3288.71,78929,296,5940
2016-08-02,24,3485.25,83646,424,6485
2016-08-03,28,3421.14,95792,432,6064
2016-08-04,24,3495.96,83903,470,6056
2016-08-05,24,3599.54,86389,583,5720
2016-08-06,24,3132.46,75179,642,4850
2016-08-07,24,2828.88,67893,541,4984
2016-08-08,24,3329.25,79902,440,5828
2016-08-09,24,3456.88,82965,440,6148
2016-08-10,24,3363.0,80712,443,6200
2016-08-11,24,3552.79,85267,442,6048
2016-08-12,24,3434.88,82437,436,6034
2016-08-13,24,2652.04,63649,294,4226
2016-08-14,24,2446.04,58705,294,4282
2016-08-15,24,3281.13,78747,270,5982
2016-08-16,24,3326.25,79830,271,5969
2016-08-17,24,3441.21,82589,392,6104
2016-08-18,24,3422.46,82139,314,6021
2016-08-19,24,3559.04,85417,526,6128
2016-08-20,29,2915.59,84552,400,4788
2016-08-21,24,2467.58,59222,435,4266
2016-08-22,24,3378.83,81092,389,6201
2016-08-23,33,2969.45,97992,322,6343
2016-08-24,34,2735.53,93008,250,6726
2016-08-25,24,3612.0,86688,322,6256
2016-08-26,25,3609.4,90235,327,5876
2016-08-27,40,3015.13,120605,408,4438
2016-08-28,44,2246.82,98860,383,4369
2016-08-29,30,3260.2,97806,295,6049
2016-08-30,31,2794.1,86617,225,6243
2016-08-31,28,3241.14,90752,9,6170
2016-09-01,21,3265.1,68567,2,6066
2016-09-02,24,3493.0,83832,336,5704
2016-09-03,24,2621.71,62921,360,4312
2016-09-04,26,2469.12,64197,360,4284
2016-09-05,40,1868.35,74734,250,4134
2016-09-06,47,3096.17,145520,249,6074
2016-09-07,33,3617.91,119391,1,6244
2016-09-08,24,3455.08,82922,1,6176
2016-09-09,30,3069.57,92087,277,6156
2016-09-10,25,3041.08,76027,585,4936
2016-09-11,24,2703.54,64885,519,4775
2016-09-12,26,3367.77,87562,248,6263
2016-09-13,25,3472.2,86805,250,6290
2016-09-14,24,3484.75,83634,252,6304
2016-09-15,31,3539.1,109712,255,6329
2016-09-16,27,3101.81,83749,257,6261
2016-09-17,24,2970.08,71282,391,4813
2016-09-18,22,2617.5,57585,391,5053
2016-09-19,24,3317.17,79612,354,6298
2016-09-20,23,3420.74,78677,391,6356
2016-09-21,23,3491.52,80305,239,6419
2016-09-22,24,3404.25,81702,218,6597
2016-09-23,24,3402.46,81659,262,6098
2016-09-24,24,2957.0,70968,448,4666
2016-09-25,24,2507.08,60170,375,4787
2016-09-26,24,3295.96,79103,392,6049
2016-09-27,24,3260.29,78247,221,6054
2016-09-28,24,3396.25,81510,237,6443
2016-09-29,24,3467.67,83224,253,6307
2016-09-30,24,3540.38,84969,281,6301
2016-10-01,24,2843.92,68254,448,4557
2016-10-02,24,2492.08,59810,380,4397
2016-10-03,24,3285.17,78844,264,6510
2016-10-04,24,3460.58,83054,557,6199
2016-10-05,24,3477.46,83459,243,6046
2016-10-06,24,3411.33,81872,274,6170
2016-10-07,23,3461.04,79604,264,6235
2016-10-08,24,3137.0,75288,371,4980
2016-10-09,23,2597.39,59740,384,4872
2016-10-10,23,3237.78,74469,261,6172
2016-10-11,24,3407.67,81784,477,6294
2016-10-12,24,3292.58,79022,230,6211
2016-10-13,24,3501.79,84043,233,6154
2016-10-14,23,3583.78,82427,373,6108
2016-10-15,21,2677.52,56228,391,4396
2016-10-16,22,2562.64,56378,413,4550
2016-10-17,24,3331.42,79954,239,6241
2016-10-18,24,3462.79,83107,310,6322
2016-10-19,22,3396.0,74712,403,6330
2016-10-20,19,3678.68,69895,486,6329
2016-10-21,23,3529.87,81187,344,5997
2016-10-22,23,2660.48,61191,447,5004
2016-10-23,24,2533.92,60814,447,4603
2016-10-24,24,3234.88,77637,315,6252
2016-10-25,24,3293.5,79044,232,6149
2016-10-26,24,3300.29,79207,223,6171
2016-10-27,24,3517.54,84421,245,6534
2016-10-28,24,3575.67,85816,342,6310
2016-10-29,24,2775.21,66605,580,4451
2016-10-30,24,2202.88,52869,325,4204
2016-10-31,24,3225.13,77403,255,6242
2016-11-01,24,3491.13,83787,252,6103
2016-11-02,25,3282.72,82068,276,6364
2016-11-03,25,3721.16,93029,443,6325
2016-11-04,26,3683.77,95778,309,6166
2016-11-05,25,2672.0,66800,331,4621
2016-11-06,25,2124.84,53121,194,4093
2016-11-07,24,3260.83,78260,217,6191
2016-11-08,24,3307.88,79389,238,6182
2016-11-09,25,3544.32,88608,346,6263
2016-11-10,24,3449.33,82784,419,6154
2016-11-11,24,3442.17,82612,306,5797
2016-11-12,24,2646.63,63519,336,4513
2016-11-13,24,2116.29,50791,336,4165
2016-11-14,25,3145.44,78636,275,6248
2016-11-15,37,2896.97,107188,242,6443
2016-11-16,27,3020.89,81564,255,6312
2016-11-17,24,3617.67,86824,258,6432
2016-11-18,56,3652.95,204565,346,5892
2016-11-19,24,2710.33,65048,505,4389
2016-11-20,24,2231.5,53556,505,4215
2016-11-21,24,3265.67,78376,256,6292
2016-11-22,52,3273.81,170238,256,5654
2016-11-23,51,3074.86,156818,257,5279
2016-11-24,42,2219.19,93206,262,2940
2016-11-25,30,2011.3,60339,300,4667
2016-11-26,38,1936.16,73574,300,4018
2016-11-27,55,2014.47,110796,300,4543
2016-11-28,51,2935.78,149725,240,6201
2016-11-29,39,2869.95,111928,233,6314
2016-11-30,61,3125.21,190638,274,5949
2016-12-01,29,3225.59,93542,257,6484
2016-12-02,24,3857.96,92591,321,6594
2016-12-03,25,3043.08,76077,402,5518
2016-12-04,38,2281.55,86699,296,4502
2016-12-05,30,3769.07,113072,261,6338
2016-12-06,23,3575.0,82225,284,6612
2016-12-07,26,3915.04,101791,273,6404
2016-12-08,28,3450.54,96615,420,6632
2016-12-09,27,4016.37,108442,322,6512
2016-12-10,31,2875.77,89149,365,5061
2016-12-11,52,1904.87,99053,318,3541
2016-12-12,38,3556.97,135165,380,5785
2016-12-13,24,3639.29,87343,386,6236
2016-12-14,30,3868.33,116050,369,6306
2016-12-15,24,3637.63,87303,274,6603
2016-12-16,39,2682.87,104632,314,5459
2016-12-17,40,1696.72,67869,317,4312
2016-12-18,23,1948.43,44814,277,3869
2016-12-19,25,3336.0,83400,254,5832
2016-12-20,24,3688.92,88534,316,6079
2016-12-21,24,3558.42,85402,333,6179
2016-12-22,24,3538.33,84920,308,6180
2016-12-23,42,3607.07,151497,339,4956
2016-12-24,35,2450.43,85765,465,3887
2016-12-25,61,1498.9,91433,113,2554
2016-12-26,27,2197.11,59322,431,3946
2016-12-27,24,3150.75,75618,266,5730
2016-12-28,24,3375.92,81022,408,6164
2016-12-29,24,3431.92,82366,435,5894
2016-12-30,24,3405.58,81734,473,5848
2016-12-31,24,2686.38,64473,499,4777
2017-01-01,24,2127.63,51063,500,3594
2017-01-02,42,2376.38,99808,363,3933
2017-01-03,31,2675.13,82929,400,6114
2017-01-04,25,3405.24,85131,249,6242
2017-01-05,31,2900.84,89926,366,6220
2017-01-06,26,3330.65,86597,357,6350
2017-01-07,24,2749.75,65994,565,5092
2017-01-08,24,2316.79,55603,565,4316
2017-01-09,33,3450.97,113882,473,6272
2017-01-10,37,3079.46,113940,255,5013
2017-01-11,31,2942.19,91208,264,5725
2017-01-12,26,3722.88,96795,279,6026
2017-01-13,24,3639.79,87355,280,6414
2017-01-14,24,2752.08,66050,561,4808
2017-01-15,28,2113.71,59184,510,4529
2017-01-16,40,2790.1,111604,369,4852
2017-01-17,45,3311.2,149004,216,6184
2017-01-18,36,3301.42,118851,394,6326
2017-01-19,44,3340.0,146960,433,6617
2017-01-20,57,3359.14,191471,325,6255
2017-01-21,62,2977.13,184582,388,6249
2017-01-22,39,1960.18,76447,388,4510
2017-01-23,43,3535.0,152005,260,6339
2017-01-24,25,3356.08,83902,241,6543
2017-01-25,29,3530.48,102384,469,6513
2017-01-26,24,3788.5,90924,266,6772
2017-01-27,24,3813.54,91525,312,6266
2017-01-28,24,3026.88,72645,394,5247
2017-01-29,24,2424.63,58191,294,4767
2017-01-30,41,2897.22,118786,227,6234
2017-01-31,39,2695.72,105133,234,6699
2017-02-01,24,3614.46,86747,270,6589
2017-02-02,24,3627.67,87064,259,6351
2017-02-03,24,3854.0,92496,367,6421
2017-02-04,24,3030.25,72726,482,5008
2017-02-05,24,2422.08,58130,482,4493
2017-02-06,24,3441.08,82586,256,6551
2017-02-07,37,3508.0,129796,257,6499
2017-02-08,24,3790.29,90967,387,6785
2017-02-09,24,3701.96,88847,292,6630
2017-02-10,24,3564.13,85539,303,6566
2017-02-11,28,2738.0,76664,265,5020
2017-02-12,29,2245.55,65121,265,5766
2017-02-13,16,3612.06,57793,324,6643
2017-02-14,23,3869.65,89002,266,6530
2017-02-15,24,3675.75,88218,287,6830
2017-02-16,24,3831.63,91959,418,6888
2017-02-17,24,3844.63,92271,325,6571
2017-02-18,24,3070.0,73680,369,5255
2017-02-19,24,2618.58,62846,402,5012
2017-02-20,24,3103.42,74482,298,5107
2017-02-21,22,3925.64,86364,358,6960
2017-02-22,41,3383.24,138713,313,6359
2017-02-23,24,3891.29,93391,304,7154
2017-02-24,26,3613.96,93963,293,6215
2017-02-25,24,3008.92,72214,396,5280
2017-02-26,24,2563.88,61533,396,4676
2017-02-27,24,3669.29,88063,264,6724
2017-02-28,36,3790.53,136459,302,6949
2017-03-01,31,3371.94,104530,357,6948
2017-03-02,24,3818.38,91641,258,6686
2017-03-03,26,3831.85,99628,310,6607
2017-03-04,24,2981.0,71544,365,5204
2017-03-05,24,2660.17,63844,491,4745
2017-03-06,32,3700.44,118414,304,6645
2017-03-07,24,3758.79,90211,237,6722
2017-03-08,24,3815.25,91566,303,7107
2017-03-09,24,3985.42,95650,271,7280
2017-03-10,24,4013.54,96325,345,6986
2017-03-11,24,3293.83,79052,430,5611
2017-03-12,32,2459.88,78716,430,5027
2017-03-13,29,2828.45,82025,282,6366
2017-03-14,24,3576.79,85843,244,6494
2017-03-15,23,3654.17,84046,468,6628
2017-03-16,30,3857.33,115720,503,6756
2017-03-17,25,3897.32,97433,327,6691
2017-03-18,24,3111.46,74675,410,5059
2017-03-19,24,2615.0,62760,410,4924
2017-03-20,24,3487.58,83702,223,6572
2017-03-21,23,3729.91,85788,260,6657
2017-03-22,24,3706.29,88951,285,6746
2017-03-23,41,3824.71,156813,265,6821
2017-03-24,44,3411.86,150122,313,6538
2017-03-25,28,2915.93,81646,271,5736
2017-03-26,51,2144.61,109375,271,4659
2017-03-27,31,3849.45,119333,276,6720
2017-03-28,25,3897.36,97434,310,6725
2017-03-29,29,3496.45,101397,325,7004
2017-03-30,29,3480.31,100929,255,6695
2017-03-31,24,3950.13,94803,339,6701
2017-04-01,24,3124.54,74989,459,5070
2017-04-02,28,2873.89,80469,459,4573
2017-04-03,52,3869.5,201214,270,6539
2017-04-04,29,3153.03,91438,283,7065
2017-04-05,24,3739.04,89737,286,6828
2017-04-06,24,3840.0,92160,283,6723
2017-04-07,23,3834.22,88187,382,6688
2017-04-08,24,2884.17,69220,468,4552
2017-04-09,30,2642.47,79274,295,4654
2017-04-10,43,3388.65,145712,325,6590
2017-04-11,31,3013.87,93430,304,6622
2017-04-12,36,3534.92,127257,262,6845
2017-04-13,27,3710.52,100184,297,6750
2017-04-14,41,3864.61,158449,304,6026
2017-04-15,57,2247.86,128128,367,4958
2017-04-16,24,2597.75,62346,320,4697
2017-04-17,24,3667.58,88022,280,6733
2017-04-18,30,3890.63,116719,263,6907
2017-04-19,40,3538.78,141551,274,6544
2017-04-20,44,3538.43,155691,257,6925
2017-04-21,27,4024.93,108673,331,6703
2017-04-22,24,3254.33,78104,500,5891
2017-04-23,24,2607.63,62583,353,4907
2017-04-24,25,3612.52,90313,263,6830
2017-04-25,40,3454.13,138165,251,6781
2017-04-26,55,3512.36,193180,286,6723
2017-04-27,32,3701.38,118444,251,6957
2017-04-28,24,4045.83,97100,428,6882
2017-04-29,24,3171.04,76105,374,5252
2017-04-30,33,2668.52,88061,319,4622
2017-05-01,68,3657.81,248731,245,6293
2017-05-02,33,3078.88,101603,242,7126
2017-05-03,24,3759.46,90227,346,6754
2017-05-04,24,3869.88,92877,287,6736
2017-05-05,24,3919.67,94072,293,6528
2017-05-06,24,3207.33,76976,481,5236
2017-05-07,24,2730.21,65525,396,5097
2017-05-08,32,3109.44,99502,281,6752
2017-05-09,28,3218.93,90130,233,7011
2017-05-10,26,3843.92,99942,255,6739
2017-05-11,24,3912.75,93906,297,6548
2017-05-12,24,4000.58,96014,399,6815
2017-05-13,24,3075.88,73821,389,4972
2017-05-14,24,2795.42,67090,382,4855
2017-05-15,30,3809.17,114275,268,6591
2017-05-16,42,3594.48,150968,261,6357
2017-05-17,57,3482.46,198500,287,6863
2017-05-18,42,3359.05,141080,278,6530
2017-05-19,24,3770.92,90502,344,6490
2017-05-20,46,3123.76,143693,379,4397
2017-05-21,55,2483.4,136587,333,4881
2017-05-22,26,3309.73,86053,341,6350
2017-05-23,27,3591.44,96969,300,6873
2017-05-24,24,3770.38,90489,302,6832
2017-05-25,26,3786.35,98445,292,6500
2017-05-26,24,3593.33,86240,367,5985
2017-05-27,24,2536.0,60864,392,4393
2017-05-28,27,2511.07,67799,392,4325
2017-05-29,26,2282.23,59338,306,3908
2017-05-30,25,3647.08,91177,280,6736
2017-05-31,24,3717.42,89218,274,6471
2017-06-01,24,3763.5,90324,295,6533
2017-06-02,24,3801.08,91226,343,6385
2017-06-03,24,2942.21,70613,488,4883
2017-06-04,24,3012.75,72306,488,4709
2017-06-05,24,3606.96,86567,480,6324
2017-06-06,24,3613.83,86732,294,6238
2017-06-07,27,3529.93,95308,315,6465
2017-06-08,24,3851.13,92427,563,6500
2017-06-09,24,3771.63,90519,371,6350
2017-06-10,24,2938.92,70534,414,4857
2017-06-11,37,2652.05,98126,338,4510
2017-06-12,38,3375.45,128267,308,6068
2017-06-13,24,3687.96,88511,293,6262
2017-06-14,32,3059.03,97889,310,6593
2017-06-15,24,3794.29,91063,336,6239
2017-06-16,25,3545.76,88644,384,6195
2017-06-17,26,2894.19,75249,318,4624
2017-06-18,29,2446.07,70936,390,4906
2017-06-19,24,3515.5,84372,343,6300
2017-06-20,27,3641.59,98323,318,6395
2017-06-21,24,3778.25,90678,355,6673
2017-06-22,35,4280.17,149806,336,6196
2017-06-23,24,3944.04,94657,561,6583
2017-06-24,28,3171.82,88811,461,4651
2017-06-25,27,2802.26,75661,445,4467
2017-06-26,24,3472.83,83348,330,6255
2017-06-27,24,3603.92,86494,334,6422
2017-06-28,45,3980.31,179114,289,6374
2017-06-29,24,3786.83,90884,464,6747
2017-06-30,28,3716.14,104052,383,5934
2017-07-01,26,2623.96,68223,465,4217
2017-07-02,20,2636.8,52736,465,3908
2017-07-03,24,2893.79,69451,428,4942
2017-07-04,24,2133.54,51205,440,3408
2017-07-05,28,3150.71,88220,428,6052
2017-07-06,27,3778.04,102007,305,6182
2017-07-07,25,3719.32,92983,349,5750
2017-07-08,27,2543.15,68665,389,4476
2017-07-09,28,2357.21,66002,363,4514
2017-07-10,24,3188.92,76534,257,6597
2017-07-11,27,3597.07,97121,299,6409
2017-07-12,26,3460.58,89975,281,6673
2017-07-13,28,3579.68,100231,330,6576
2017-07-14,24,3870.54,92893,471,6221
2017-07-15,24,2815.92,67582,427,4484
2017-07-16,24,2672.42,64138,486,4425
2017-07-17,28,3218.43,90116,337,6391
2017-07-18,33,3241.36,106965,269,6702
2017-07-19,46,3354.67,154315,328,6447
2017-07-20,33,3760.67,124102,361,6446
2017-07-21,31,3521.1,109154,333,6031
2017-07-22,25,2810.56,70264,583,4826
2017-07-23,24,2612.5,62700,355,4720
2017-07-24,27,3356.7,90631,300,6359
2017-07-25,37,3580.43,132476,282,6827
2017-07-26,39,3894.28,151877,296,6698
2017-07-27,24,3890.17,93364,360,6529
2017-07-28,25,3925.6,98140,458,6364
2017-07-29,24,2882.92,69190,342,4850
2017-07-30,24,2785.38,66849,342,5031
2017-07-31,24,3558.71,85409,345,6562
2017-08-01,24,3692.17,88612,307,6651
2017-08-02,24,3714.0,89136,343,6450
2017-08-03,45,4313.09,194089,322,6587
2017-08-04,25,3621.24,90531,333,6175
2017-08-05,26,2975.54,77364,414,4586
2017-08-06,30,2845.63,85369,414,4636
2017-08-07,34,3398.97,115565,292,6468
2017-08-08,24,3815.13,91563,321,6997
2017-08-09,40,4104.95,164198,306,6584
2017-08-10,34,3225.79,109677,288,6732
2017-08-11,30,3770.53,113116,341,6038
2017-08-12,24,3001.0,72024,449,4876
2017-08-13,30,2556.17,76685,368,4708
2017-08-14,34,3148.56,107051,277,6670
2017-08-15,36,3739.94,134638,268,6556
2017-08-16,35,3852.89,134851,298,6729
2017-08-17,45,3671.24,165206,286,6785
2017-08-18,34,4189.79,142453,341,6201
2017-08-19,34,2625.12,89254,395,4832
2017-08-20,25,2653.92,66348,401,4586
2017-08-21,33,4154.88,137111,268,6844
2017-08-22,24,3772.29,90535,330,6537
2017-08-23,24,3812.83,91508,295,6789
2017-08-24,25,3863.28,96582,278,6821
2017-08-25,32,3831.19,122598,310,6461
2017-08-26,58,2748.79,159430,381,4824
2017-08-27,29,2607.93,75630,356,4958
2017-08-28,24,3712.75,89106,260,6691
2017-08-29,30,3880.43,116413,252,6884
2017-08-30,24,3885.21,93245,270,6799
2017-08-31,24,4055.5,97332,282,6788
2017-09-01,33,3484.64,114993,357,6424
2017-09-02,28,2676.32,74937,368,4882
2017-09-03,24,2753.33,66080,335,5025
2017-09-04,28,2525.68,70719,302,4377
2017-09-05,24,3642.42,87418,242,6572
2017-09-06,24,3744.79,89875,250,6799
2017-09-07,27,3496.33,94401,259,6685
2017-09-08,24,3900.71,93617,277,6597
2017-09-09,24,2867.25,68814,383,4596
2017-09-10,24,2415.79,57979,315,4232
2017-09-11,25,3529.08,88227,240,7117
2017-09-12,36,3573.31,128639,244,7007
2017-09-13,24,3721.5,89316,272,6944
2017-09-14,24,3895.08,93482,309,6774
2017-09-15,25,4063.12,101578,333,6744
2017-09-16,31,2967.06,91979,434,5190
2017-09-17,24,2564.25,61542,340,4585
2017-09-18,33,3778.45,124689,265,6430
2017-09-19,25,3789.12,94728,230,6741
2017-09-20,25,3703.8,92595,294,6646
2017-09-21,21,3716.14,78039,297,6899
2017-09-22,28,4128.61,115601,311,6778
2017-09-23,25,3210.04,80251,440,5159
2017-09-24,24,2750.17,66004,362,4745
2017-09-25,41,3366.0,138006,328,6457
2017-09-26,37,3573.32,132213,229,6894
2017-09-27,23,3869.13,88990,271,6680
2017-09-28,24,3822.29,91735,270,6781
2017-09-29,24,4025.46,96611,310,6627
2017-09-30,25,3378.52,84463,401,5409
2017-10-01,27,2758.96,74492,356,5265
2017-10-02,46,3137.89,144343,241,6667
2017-10-03,38,3026.58,115010,212,6706
2017-10-04,24,3702.29,88855,281,6415
2017-10-05,27,3985.41,107606,250,6783
2017-10-06,50,4023.66,201183,286,6727
2017-10-07,44,2805.2,123429,374,4926
2017-10-08,24,2573.54,61765,313,4675
2017-10-09,24,3496.63,83919,247,6630
2017-10-10,25,3845.24,96131,235,6745
2017-10-11,24,3753.29,90079,253,6785
2017-10-12,26,3961.62,103002,276,6742
2017-10-13,24,4052.42,97258,305,6656
2017-10-14,36,3552.5,127890,382,5441
2017-10-15,33,2220.18,73266,407,5022
2017-10-16,24,3647.67,87544,241,6625
2017-10-17,24,3726.29,89431,309,6700
2017-10-18,24,3832.0,91968,265,6782
2017-10-19,24,3783.54,90805,285,6656
2017-10-20,24,3847.58,92342,318,6244
2017-10-21,36,2925.83,105330,436,4890
2017-10-22,24,2726.38,65433,332,4959
2017-10-23,24,3584.83,86036,265,6726
2017-10-24,24,3826.33,91832,237,6879
2017-10-25,24,3743.96,89855,226,6630
2017-10-26,36,3630.22,130688,268,6874
2017-10-27,60,3725.72,223543,278,6061
2017-10-28,24,3196.5,76716,376,5234
2017-10-29,30,2529.0,75870,354,4514
2017-10-30,30,3811.53,114346,293,6601
2017-10-31,24,3761.33,90272,219,6985
2017-11-01,40,3860.32,154413,343,6321
2017-11-02,31,3665.9,113643,254,6775
2017-11-03,32,3887.31,124394,354,6594
2017-11-04,38,3141.76,119387,352,4894
2017-11-05,36,1813.39,65282,247,4744
2017-11-06,24,3479.0,83496,186,6647
2017-11-07,24,3652.13,87651,244,6705
2017-11-08,23,3793.48,87250,329,6832
2017-11-09,23,3975.09,91427,348,6654
2017-11-10,24,3706.92,88966,311,6494
2017-11-11,25,2920.28,73007,541,4882
2017-11-12,26,2469.88,64217,497,5355
2017-11-13,29,3233.21,93763,207,6604
2017-11-14,46,3613.04,166200,216,6717
2017-11-15,33,2884.33,95183,318,6923
2017-11-16,24,3911.21,93869,264,6685
2017-11-17,47,4555.17,214093,316,6629
2017-11-18,27,2814.63,75995,392,4939
2017-11-19,24,2537.92,60910,407,4555
2017-11-20,24,3626.46,87035,239,6629
2017-11-21,24,3729.88,89517,247,6796
2017-11-22,24,3658.92,87814,320,6032
2017-11-23,24,2052.96,49271,266,3347
2017-11-24,26,2898.12,75351,257,5325
2017-11-25,24,2762.21,66293,323,5167
2017-11-26,24,2610.83,62660,454,4994
2017-11-27,24,3506.71,84161,213,6674
2017-11-28,24,3644.38,87465,254,6731
2017-11-29,24,3813.38,91521,274,6685
2017-11-30,24,3845.38,92289,284,6605
2017-12-01,24,4035.5,96852,291,6708
2017-12-02,24,3348.42,80362,489,5838
2017-12-03,24,2524.5,60588,289,5014
2017-12-04,54,3942.5,212895,247,6533
2017-12-05,32,2250.53,72017,278,4383
2017-12-06,32,3678.53,117713,409,5729
2017-12-07,24,3600.42,86410,286,6217
2017-12-08,26,3728.5,96941,319,6150
2017-12-09,24,3130.83,75140,389,5536
2017-12-10,24,2476.04,59425,391,4762
2017-12-11,37,2909.86,107665,279,6076
2017-12-12,24,3660.04,87841,256,6407
2017-12-13,26,3653.92,95002,268,6621
2017-12-14,26,3777.65,98219,298,6757
2017-12-15,29,3635.31,105424,358,6669
2017-12-16,32,2983.47,95471,413,6122
2017-12-17,42,2819.24,118408,320,4493
2017-12-18,29,3089.69,89601,260,6502
2017-12-19,24,3672.58,88142,278,6677
2017-12-20,27,3834.22,103524,306,6546
2017-12-21,24,3673.83,88172,281,6551
2017-12-22,24,3472.71,83345,329,5581
2017-12-23,23,2545.96,58557,359,4475
2017-12-24,27,2246.78,60663,303,3851
2017-12-25,27,1790.93,48355,339,3172
2017-12-26,24,2730.46,65531,213,5282
2017-12-27,24,3262.67,78304,272,5997
2017-12-28,46,3030.09,139384,288,5141
2017-12-29,29,3351.59,97196,358,4859
2017-12-30,24,2475.08,59402,339,4514
2017-12-31,24,2160.13,51843,285,3802
2018-01-01,24,1749.33,41984,381,3410
2018-01-02,28,3365.89,94245,205,5696
2018-01-03,25,3286.2,82155,283,6317
2018-01-04,24,3535.25,84846,247,6450
2018-01-05,24,3618.96,86855,301,6504
2018-01-06,24,2663.29,63919,319,4857
2018-01-07,24,2237.33,53696,260,4409
2018-01-08,24,3379.54,81109,220,6458
2018-01-09,24,3657.54,87781,239,6559
2018-01-10,45,3584.42,161299,270,6602
2018-01-11,45,2696.33,121335,291,4869
2018-01-12,24,3422.88,82149,272,5841
2018-01-13,24,2649.38,63585,361,4595
2018-01-14,41,2362.34,96856,271,4567
2018-01-15,44,2596.41,114242,269,4800
2018-01-16,26,3450.88,89723,255,6186
2018-01-17,24,3368.96,80855,245,5684
2018-01-18,23,3758.09,86436,352,6527
2018-01-19,24,3729.79,89515,283,6309
2018-01-20,28,2764.89,77417,366,4986
2018-01-21,24,2362.0,56688,367,4464
2018-01-22,45,2171.64,97724,254,5250
2018-01-23,24,2607.25,62574,211,5068
2018-01-24,25,3414.16,85354,235,6395
2018-01-25,43,3780.4,162557,265,6669
2018-01-26,27,3478.7,93925,421,6561
2018-01-27,24,3170.25,76086,373,5460
2018-01-28,25,2665.44,66636,395,4895
2018-01-29,24,3520.0,84480,230,6362
2018-01-30,24,3587.17,86092,249,6838
2018-01-31,30,3237.4,97122,376,6818
2018-02-01,24,3706.04,88945,285,6636
2018-02-02,24,3840.71,92177,422,6646
2018-02-03,40,2849.25,113970,471,3924
2018-02-04,28,2013.57,56380,520,3801
2018-02-05,26,3585.12,93213,411,6091
2018-02-06,24,3500.25,84006,237,6770
2018-02-07,32,3207.88,102652,259,6531
2018-02-08,27,3713.85,100274,233,6883
2018-02-09,24,3775.29,90607,287,6499
2018-02-10,24,3136.67,75280,330,5237
2018-02-11,24,2568.54,61645,254,4950
2018-02-12,24,3419.63,82071,230,6459
2018-02-13,24,3737.17,89692,225,6587
2018-02-14,28,3448.46,96557,283,6660
2018-02-15,25,3677.56,91939,253,6807
2018-02-16,24,3727.83,89468,273,6444
2018-02-17,26,2941.81,76487,352,5935
2018-02-18,24,2378.21,57077,284,4424
2018-02-19,41,2672.32,109565,281,4740
2018-02-20,34,3212.79,109235,234,6471
2018-02-21,24,3598.13,86355,237,6795
2018-02-22,29,3393.38,98408,245,6902
2018-02-23,35,2910.86,101880,309,6368
2018-02-24,58,2238.02,129805,404,4938
2018-02-25,30,1859.53,55786,251,4262
2018-02-26,24,3430.17,82324,267,6370
2018-02-27,33,3859.45,127362,255,6445
2018-02-28,24,3685.88,88461,294,6563
2018-03-01,24,3768.54,90445,283,6565
2018-03-02,27,3759.56,101508,295,6730
2018-03-03,24,3076.5,73836,365,5240
2018-03-04,34,2267.06,77080,299,4537
2018-03-05,47,2240.64,105310,391,5062
2018-03-06,35,2967.31,103856,231,6420
2018-03-07,25,3579.56,89489,247,6849
2018-03-08,24,3850.79,92419,260,6738
2018-03-09,26,4065.31,105698,300,6641
2018-03-10,23,3326.26,76504,358,5548
2018-03-11,40,2049.45,81978,419,4840
2018-03-12,24,3558.96,85415,228,6655
2018-03-13,24,3691.29,88591,301,6404
2018-03-14,24,3692.96,88631,285,6789
2018-03-15,23,3870.78,89028,259,6586
2018-03-16,23,3989.52,91759,287,6607
2018-03-17,24,3227.33,77456,386,5798
2018-03-18,24,2558.96,61415,321,4797
2018-03-19,24,3600.71,86417,254,6710
2018-03-20,45,3953.22,177895,247,6609
2018-03-21,26,3872.54,100686,261,6840
2018-03-22,24,3835.21,92045,228,6918
2018-03-23,24,3941.04,94585,285,6712
2018-03-24,18,4032.56,72586,950,6470
2018-03-25,24,2553.38,61281,274,4628
2018-03-26,43,3283.0,141169,248,6402
2018-03-27,33,3272.52,107993,249,6868
2018-03-28,26,3818.73,99287,263,6988
2018-03-29,23,4046.04,93059,353,6573
2018-03-30,25,3769.56,94239,329,6137
2018-03-31,37,2009.11,74337,352,4548
2018-04-01,24,2428.92,58294,249,4679
2018-04-02,32,3561.31,113962,246,6148
2018-04-03,53,2979.68,157923,277,4930
2018-04-04,27,3101.56,83742,259,6500
2018-04-05,25,3933.24,98331,280,6642
2018-04-06,26,3916.12,101819,312,6525
2018-04-07,24,3204.83,76916,342,5441
2018-04-08,34,2403.56,81721,295,4483
2018-04-09,33,3357.67,110803,251,6719
2018-04-10,24,3683.75,88410,235,7013
2018-04-11,29,3478.93,100889,259,6988
2018-04-12,25,3747.04,93676,291,7213
2018-04-13,48,3531.38,169506,306,6686
2018-04-14,68,1206.59,82048,300,2153
2018-04-15,60,1139.05,68343,151,2809
2018-04-16,27,2889.04,78004,247,5788
2018-04-17,24,3781.46,90755,271,6657
2018-04-18,27,4011.04,108298,431,7022
2018-04-19,24,3887.83,93308,275,6851
2018-04-20,24,3989.0,95736,322,6900
2018-04-21,24,3229.08,77498,369,5340
2018-04-22,24,2696.04,64705,368,4866
2018-04-23,24,3632.25,87174,259,6883
2018-04-24,24,3719.42,89266,248,7149
2018-04-25,24,3724.79,89395,237,6816
2018-04-26,24,3888.79,93331,255,7139
2018-04-27,24,4038.38,96921,328,6712
2018-04-28,24,3224.17,77380,365,5529
2018-04-29,24,2647.67,63544,280,4886
2018-04-30,28,3581.64,100286,275,6901
2018-05-01,25,3554.28,88857,275,6900
2018-05-02,33,2854.48,94198,253,6935
2018-05-03,25,3759.0,93975,259,6977
2018-05-04,24,3974.71,95393,338,6662
2018-05-05,27,3030.96,81836,345,4775
2018-05-06,25,2386.24,59656,269,4332
2018-05-07,24,3577.5,85860,244,6663
2018-05-08,32,3578.41,114509,264,6651
2018-05-09,34,3833.15,130327,261,6844
2018-05-10,24,3882.25,93174,270,7074
2018-05-11,28,3989.61,111709,302,6858
2018-05-12,26,2904.38,75514,427,5167
2018-05-13,24,2433.29,58399,342,4184
2018-05-14,34,3460.74,117665,243,6559
2018-05-15,33,3025.64,99846,248,6888
2018-05-16,24,3827.46,91859,352,6775
2018-05-17,24,3857.21,92573,294,6594
2018-05-18,25,3855.32,96383,351,6583
2018-05-19,26,2844.12,73947,477,4802
2018-05-20,24,2332.33,55976,273,4661
2018-05-21,26,3665.65,95307,321,6968
2018-05-22,26,3738.54,97202,249,6907
2018-05-23,25,3853.32,96333,303,6897
2018-05-24,30,3449.07,103472,261,6298
2018-05-25,33,3214.45,106077,300,6083
2018-05-26,24,2567.38,61617,363,4176
2018-05-27,24,2407.29,57775,401,4190
2018-05-28,28,2253.46,63097,314,4032
2018-05-29,37,3310.86,122502,239,6820
2018-05-30,36,3610.69,129985,306,7042
2018-05-31,41,3519.66,144306,307,6860
2018-06-01,24,3954.17,94900,346,6860
2018-06-02,36,3466.78,124804,424,4896
2018-06-03,24,2696.79,64723,419,4858
2018-06-04,24,3632.13,87171,285,7024
2018-06-05,24,3769.46,90467,297,7037
2018-06-06,28,4029.71,112832,318,6925
2018-06-07,25,3876.48,96912,328,6858
2018-06-08,31,3904.35,121035,354,6727
2018-06-09,43,3249.3,139720,517,4257
2018-06-10,24,2272.29,54535,293,4125
2018-06-11,28,3608.18,101029,291,6556
2018-06-12,25,3578.72,89468,314,6777
2018-06-13,24,3722.83,89348,328,6781
2018-06-14,24,3797.88,91149,308,6890
2018-06-15,26,3903.08,101480,358,6361
2018-06-16,36,2950.19,106207,391,4900
2018-06-17,34,2438.24,82900,393,4404
2018-06-18,43,3247.56,139645,272,6757
2018-06-19,55,3922.65,215746,269,6821
2018-06-20,26,3664.04,95265,301,6811
2018-06-21,25,3920.48,98012,348,6557
2018-06-22,24,3903.5,93684,364,6222
2018-06-23,29,2781.83,80673,407,5018
2018-06-24,28,2676.64,74946,373,4317
2018-06-25,27,3532.33,95373,331,6232
2018-06-26,38,3172.58,120558,297,6765
2018-06-27,24,3757.96,90191,313,6666
2018-06-28,26,3805.88,98953,309,6568
2018-06-29,24,3774.08,90578,385,6051
2018-06-30,25,2732.52,68313,429,4776
2018-07-01,37,2420.95,89575,372,4380
2018-07-02,24,3404.5,81708,398,5936
2018-07-03,29,3627.97,105211,340,6135
2018-07-04,30,2059.93,61798,353,3318
2018-07-05,25,3134.64,78366,317,5908
2018-07-06,24,3323.88,79773,343,5353
2018-07-07,24,2671.92,64126,382,4289
2018-07-08,24,2557.58,61382,327,4514
2018-07-09,26,3375.38,87760,320,6311
2018-07-10,25,3673.64,91841,295,6566
2018-07-11,24,3673.88,88173,321,6522
2018-07-12,34,3483.76,118448,296,6612
2018-07-13,44,3503.32,154146,350,6153
2018-07-14,34,2369.03,80547,437,4524
2018-07-15,26,2353.15,61182,366,4438
2018-07-16,24,3485.54,83653,297,6269
2018-07-17,24,3607.25,86574,274,6417
2018-07-18,24,3711.67,89080,313,6606
2018-07-19,36,3859.56,138944,303,6459
2018-07-20,45,3473.07,156288,360,6086
2018-07-21,24,2996.04,71905,418,4796
2018-07-22,24,2663.67,63928,344,4875
2018-07-23,30,3342.57,100277,354,6317
2018-07-24,24,3632.96,87191,297,6558
2018-07-25,27,3982.3,107522,290,6668
2018-07-26,26,3874.0,100724,306,6566
2018-07-27,24,3693.33,88640,344,6254
2018-07-28,25,2679.16,66979,384,4229
2018-07-29,30,2768.73,83062,378,4489
2018-07-30,25,3558.12,88953,317,6313
2018-07-31,24,3549.17,85180,299,6357
2018-08-01,29,3889.1,112784,352,6455
2018-08-02,24,3681.46,88355,324,6435
2018-08-03,32,3543.47,113391,371,5888
2018-08-04,33,2833.12,93493,362,4602
2018-08-05,26,2512.5,65325,356,4875
2018-08-06,31,3563.84,110479,327,6651
2018-08-07,28,3710.64,103898,288,6471
2018-08-08,26,3528.08,91730,295,6652
2018-08-09,31,3589.48,111274,336,6532
2018-08-10,25,3657.72,91443,374,5950
2018-08-11,29,2579.07,74793,423,4310
2018-08-12,31,2246.35,69637,365,4522
2018-08-13,24,3474.21,83381,348,6383
2018-08-14,24,3730.13,89523,284,6573
2018-08-15,24,3622.04,86929,335,6561
2018-08-16,25,3794.56,94864,300,6494
2018-08-17,26,3634.54,94498,363,5994
2018-08-18,33,2792.61,92156,448,5146
2018-08-19,24,2774.92,66598,386,4989
2018-08-20,40,3828.75,153150,346,6423
2018-08-21,24,3637.29,87295,316,6837
2018-08-22,24,3695.58,88694,279,6589
2018-08-23,23,3978.09,91496,381,6815
2018-08-24,61,4216.25,257191,387,6243
2018-08-25,45,2688.33,120975,366,5015
2018-08-26,44,2312.09,101732,325,4638
2018-08-27,29,3286.66,95313,292,6535
2018-08-28,43,3742.65,160934,234,6657
2018-08-29,28,3935.21,110186,299,6775
2018-08-30,27,3728.89,100680,326,6466
2018-08-31,33,3428.55,113142,358,6270
2018-09-01,29,3119.38,90462,419,5056
2018-09-02,32,2337.72,74807,316,4549
2018-09-03,43,2029.07,87250,310,4446
2018-09-04,61,3623.93,221060,254,6379
2018-09-05,32,3445.34,110251,254,6668
2018-09-06,31,3235.65,100305,281,6526
2018-09-07,24,3698.42,88762,307,6675
2018-09-08,24,2818.96,67655,393,4848
2018-09-09,24,2472.33,59336,345,4322
2018-09-10,24,3511.04,84265,286,6561
2018-09-11,24,3721.67,89320,265,6601
2018-09-12,26,3883.27,100965,314,6677
2018-09-13,24,3680.92,88342,332,6514
2018-09-14,24,3776.0,90624,333,6728
2018-09-15,25,2871.72,71793,428,4990
2018-09-16,24,2458.46,59003,313,4539
2018-09-17,35,3887.54,136064,260,6533
2018-09-18,46,3399.15,156361,227,6623
2018-09-19,56,3766.48,210923,282,6510
2018-09-20,64,3621.44,231772,265,6331
2018-09-21,32,3706.91,118621,304,6539
2018-09-22,24,3099.92,74398,611,4847
2018-09-23,24,2530.88,60741,319,4594
2018-09-24,28,3108.71,87044,219,6591
2018-09-25,31,3446.45,106840,234,6597
2018-09-26,24,3692.79,88627,227,6334
2018-09-27,25,3777.36,94434,312,6589
2018-09-28,24,3854.92,92518,301,6401
2018-09-29,24,3017.67,72424,359,4878
2018-09-30,26,2645.58,68785,335,4547
